{
  "Gangnam": {
    "Gangnam_Residence_Free01": {
      "x": 992.4198834609418,
      "y": 761.6276168801753
    },
    "Gangnam_Public_CentralAPT_Lobby": {
      "x": 1098.7064858473782,
      "y": 558.1693243987824
    },
    "Gangnam_Residence_CentralAPT": {
      "x": 1089.5196171967727,
      "y": 504.5445659241665
    },
    "Gangnam_Residence_SkyBD": {
      "x": 917.0106663586738,
      "y": 351.3875623674704
    },
    "Gangnam_Residence_Free02": {
      "x": 1336.5028455723545,
      "y": 649.1980500570922
    },
    "Gangnam_Residence_Free08": {
      "x": 1529.8705204847531,
      "y": 565.0010550767859
    },
    "Gangnam_Residence_DowonVilla": {
      "x": 1431.4028483891404,
      "y": 494.3612033560203
    },
    "Gangnam_Residence_Free07": {
      "x": 1368.6118690817934,
      "y": 540.7409039807653
    },
    "Gangnam_Residence_Free06": {
      "x": 1211.6344208134255,
      "y": 632.4300044466074
    },
    "Gangnam_Public_CentralAPT105_Lobby": {
      "x": 1212.3479546691908,
      "y": 573.9202282738522
    },
    "Gangnam_Residence_CentralAPT105": {
      "x": 1213.061488524956,
      "y": 536.1029339182908
    },
    "Gangnam_Residence_Free03": {
      "x": 1103.1772747370985,
      "y": 719.4811348499751
    },
    "Gangnam_Residence_Free05": {
      "x": 1073.9223866507211,
      "y": 603.1751163602298
    },
    "Gangnam_Residence_Free04": {
      "x": 972.6005791320473,
      "y": 465.4630821975253
    },
    "Gangnam_Residence_DowonVilla_Lobby": {
      "x": 929.0750139303635,
      "y": 394.1096966209945
    },
    "Gangnam_Business_AdamEnt": {
      "x": 1353.627658110722,
      "y": 581.7691006872706
    },
    "Gangnam_Business_FireStation": {
      "x": 772.811099517761,
      "y": 618.1593273313013
    },
    "Gangnam_Court1": {
      "x": 855.5810267865368,
      "y": 630.2894028793115
    },
    "Gangnam_Business_TempleFuneral": {
      "x": 2050.750235193428,
      "y": 964.2232473774758
    },
    "Gangnam_RabbitHole_MedicalCenter": {
      "x": 1366.4712675144974,
      "y": 857.9067028684448
    },
    "Gangnam_Business_SchoolIn": {
      "x": 1205.9261499673032,
      "y": 795.1157235610976
    },
    "Gangnam_Public_AirportShuttle": {
      "x": 1372.17953836062,
      "y": 361.28713925579024
    },
    "Gangnam_Public_CentralPark": {
      "x": 1290.8366788033748,
      "y": 391.9690950536985
    },
    "Gangnam_Public_CentralPark2": {
      "x": 1193.7960744192928,
      "y": 389.8284934864026
    },
    "Gangnam_Public_CentralParkFountain": {
      "x": 1183.0930665828134,
      "y": 395.536764332525
    }
  },
  "RedCity": {},
  "Cahaya": {
    "Cahaya_Residence_EmptySite1": {
      "x": 1681.1846332531204,
      "y": 286.0898943168663
    },
    "Cahaya_Residence_EmptySite2": {
      "x": 1737.7377796793385,
      "y": 601.074860109772
    },
    "Cahaya_Residence_EmptySite4": {
      "x": 1616.8898895342304,
      "y": 366.1090468271196
    },
    "Cahaya_Residence_EmptySite5": {
      "x": 1567.4169199178273,
      "y": 203.3685432750067
    },
    "Cahaya_Residence_LocalHouse1": {
      "x": 1546.2287767197627,
      "y": 476.4072556956761
    },
    "Cahaya_Residence_NPCSite1": {
      "x": 1824.0912426462723,
      "y": 778.5618613403575
    },
    "Cahaya_Residence_NPCSite2": {
      "x": 1515.1331765372008,
      "y": 303.2287547592344
    },
    "Cahaya_Residence_NPCSite3": {
      "x": 1612.879041995108,
      "y": 722.0965178911733
    },
    "Cahaya_Residence_NPCSite4": {
      "x": 1737.3795079795436,
      "y": 203.35863059266762
    },
    "Cahaya_Residence_Resort1": {
      "x": 728.56721301648,
      "y": 638.6061190881185
    },
    "Cahaya_Residence_Resort10": {
      "x": 861.7773569254742,
      "y": 511.80376401725
    },
    "Cahaya_Business_Resort3": {
      "x": 864.6218568028802,
      "y": 689.3855393367802
    },
    "Cahaya_Business_Resort8": {
      "x": 782.8073388731068,
      "y": 503.9392986959605
    },
    "Cahaya_Business_StiltHouse1": {
      "x": 1086.430105412488,
      "y": 408.67083781773545
    },
    "Cahaya_Business_BeachCafe1": {
      "x": 1007.7016874113632,
      "y": 600.0173892186674
    },
    "Cahaya_Business_BrunchCafe1": {
      "x": 916.672999936789,
      "y": 705.3505847249604
    },
    "Cahaya_Business_FuneralHome": {
      "x": 657.0245056640749,
      "y": 815.4519495751597
    },
    "Cahaya_Public_Cemetery": {
      "x": 618.0122110321146,
      "y": 802.4478513645062
    },
    "Cahaya_Business_Meditation": {
      "x": 830.4124818061211,
      "y": 811.5507201119636
    },
    "Cahaya_Public_PierWalkway4": {
      "x": 1063.6193097171729,
      "y": 760.4012671500601
    },
    "Cahaya_Public_PierWalkway5": {
      "x": 1084.4258668542184,
      "y": 373.3126104129422
    },
    "Cahaya_BusinessSite7": {
      "x": 963.4877534951414,
      "y": 510.2891115651587
    },
    "Cahaya_Public_BeachLounge1": {
      "x": 1012.9033266956245,
      "y": 667.6386999140653
    },
    "Cahaya_Public_Beach6": {
      "x": 1048.014391864389,
      "y": 703.1832350231848
    },
    "Cahaya_Public_Beach7": {
      "x": 1057.9842004925565,
      "y": 596.5496296958265
    },
    "Cahaya_Public_Beach8": {
      "x": 1058.8511403732668,
      "y": 551.0352859585394
    },
    "Cahaya_Public_Beach9": {
      "x": 1028.9417144887639,
      "y": 468.6759972910675
    },
    "Cahaya_Public_BeachVolleyball1": {
      "x": 1019.8388457413064,
      "y": 506.82135204231764
    },
    "Cahaya_business_ARLibrary1": {
      "x": 1722.8008229669058,
      "y": 801.8927486557919
    },
    "Cahaya_Public_PierWalkway1": {
      "x": 1492.7530056542753,
      "y": 819.2913230743942
    },
    "Cahaya_Public_PierWalkway2": {
      "x": 1444.4236322692689,
      "y": 548.0024404732247
    },
    "Cahaya_Public_PierWalkway3": {
      "x": 1435.4021492374009,
      "y": 323.75414796679496
    },
    "Cahaya_Public_Pier4": {
      "x": 1376.1181178851264,
      "y": 324.39853961192836
    },
    "Cahaya_Public_Pier2": {
      "x": 1400.6050004001963,
      "y": 548.0024404732247
    },
    "Cahaya_Public_Pier1": {
      "x": 1439.912890753335,
      "y": 814.1361899133269
    },
    "Cahaya_Public_Pier3": {
      "x": 1130.6049010892937,
      "y": 761.9404666575199
    },
    "Cahaya_BusinessSite8": {
      "x": 1722.9659150412788,
      "y": 732.8842615678676
    },
    "Cahaya_Business_TravelAgency": {
      "x": 1574.9156031841792,
      "y": 436.2510827750458
    },
    "Cahaya_Business_ClothesShop": {
      "x": 1599.9456918794442,
      "y": 676.9659783124882
    },
    "Cahaya_FakeAgency1": {
      "x": 1560.0040609827447,
      "y": 368.0840327113453
    },
    "Cahaya_Public_BasketballCourt1": {
      "x": 1784.7423041615073,
      "y": 714.2448338160744
    },
    "Cahaya_Public_Beach3": {
      "x": 1466.2743671451565,
      "y": 438.9138581681591
    },
    "Cahaya_Public_Beach5": {
      "x": 1497.6951167838934,
      "y": 666.8474318186577
    },
    "Cahaya_Public_Beach2": {
      "x": 1458.8185960444391,
      "y": 368.0840327113453
    },
    "Cahaya_Business_TackleShop1": {
      "x": 1521.1275402432905,
      "y": 798.9210913170775
    },
    "Cahaya_Business_PoliceStation1": {
      "x": 1696.8707161887685,
      "y": 692.4100755925455
    },
    "Cahaya_Public_DesertIsland1": {
      "x": 987.4825478282415,
      "y": 114.89068543301737
    },
    "Cahaya_Public_DesertIsland2": {
      "x": 1002.3273012270352,
      "y": 133.9224205596757
    },
    "Cahaya_Public_StiltHouseReception1": {
      "x": 983.3341479991005,
      "y": 438.3766545430137
    },
    "Cahaya_Business_TourAgency1": {
      "x": 973.5909985946748,
      "y": 432.96379376277713
    },
    "Cahaya_Public_Temple": {
      "x": 720.4078742023695,
      "y": 819.6317102162463
    },
    "Cahaya_Public_TempleInside": {
      "x": 715.7425299175378,
      "y": 845.2911037828203
    },
    "Cahaya_Business_CatFoodKiosk": {
      "x": 739.6524193772999,
      "y": 784.0584600444053
    },