{
  "Gangnam": {
    "Gangnam_Residence_Free01": {
      "x": 992.4198834609418,
      "y": 737.6276168801753
    },
    "Gangnam_Public_CentralAPT_Lobby": {
      "x": 1098.7064858473782,
      "y": 534.1693243987824
    },
    "Gangnam_Residence_CentralAPT": {
      "x": 1089.5196171967727,
      "y": 480.5445659241665
    },
    "Gangnam_Residence_SkyBD": {
      "x": 917.0106663586738,
      "y": 327.3875623674704
    },
    "Gangnam_Residence_Free02": {
      "x": 1336.5028455723545,
      "y": 625.1980500570922
    },
    "Gangnam_Residence_Free08": {
      "x": 1529.8705204847531,
      "y": 541.0010550767859
    },
    "Gangnam_Residence_DowonVilla": {
      "x": 1431.4028483891404,
      "y": 470.3612033560203
    },
    "Gangnam_Residence_Free07": {
      "x": 1368.6118690817934,
      "y": 516.7409039807653
    },
    "Gangnam_Residence_Free06": {
      "x": 1211.6344208134255,
      "y": 608.4300044466074
    },
    "Gangnam_Public_CentralAPT105_Lobby": {
      "x": 1212.3479546691908,
      "y": 549.9202282738522
    },
    "Gangnam_Residence_CentralAPT105": {
      "x": 1213.061488524956,
      "y": 512.1029339182908
    },
    "Gangnam_Residence_Free03": {
      "x": 1103.1772747370985,
      "y": 695.4811348499751
    },
    "Gangnam_Residence_Free05": {
      "x": 1073.9223866507211,
      "y": 579.1751163602298
    },
    "Gangnam_Residence_Free04": {
      "x": 972.6005791320473,
      "y": 441.4630821975253
    },
    "Gangnam_Residence_DowonVilla_Lobby": {
      "x": 929.0750139303635,
      "y": 370.1096966209945
    },
    "Gangnam_Business_AdamEnt": {
      "x": 1353.627658110722,
      "y": 557.7691006872706
    },
    "Gangnam_Business_FireStation": {
      "x": 772.811099517761,
      "y": 594.1593273313013
    },
    "Gangnam_Court1": {
      "x": 855.5810267865368,
      "y": 606.2894028793115
    },
    "Gangnam_Business_TempleFuneral": {
      "x": 2050.750235193428,
      "y": 940.2232473774758
    },
    "Gangnam_RabbitHole_MedicalCenter": {
      "x": 1366.4712675144974,
      "y": 833.9067028684448
    },
    "Gangnam_Business_SchoolIn": {
      "x": 1205.9261499673032,
      "y": 771.1157235610976
    },
    "Gangnam_Public_AirportShuttle": {
      "x": 1372.17953836062,
      "y": 337.28713925579024
    },
    "Gangnam_Public_CentralPark": {
      "x": 1290.8366788033748,
      "y": 367.9690950536985
    },
    "Gangnam_Public_CentralPark2": {
      "x": 1193.7960744192928,
      "y": 365.8284934864026
    },
    "Gangnam_Public_CentralParkFountain": {
      "x": 1183.0930665828134,
      "y": 371.536764332525
    },
    "Gangnam_Public_Court": {
      "x": 921.4629080786169,
      "y": 632.8879659044892
    },
    "Gangnam_RabbitHole_Doex": {
      "x": 1304.2840065670157,
      "y": 303.11367090178095
    },
    "memo_1772226814130": {
      "x": 1739.8700145869977,
      "y": 758.5781523990647
    },
    "memo_1772227269673": {
      "x": 1735.7606990838706,
      "y": 765.4270115709431
    },
    "memo_1772227292152": {
      "x": 1738.500242752622,
      "y": 732.5524875459266
    },
    "memo_1772227317503": {
      "x": 1761.7863639370087,
      "y": 748.9897495584349
    },
    "memo_1772227527705": {
      "x": 1739.8700145869977,
      "y": 747.6199777240593
    },
    "memo_1772228677397": {
      "x": 1953.5544207496052,
      "y": 646.2568619802582
    },
    "memo_1772228719267": {
      "x": 1849.4517613370529,
      "y": 590.096216770855
    },
    "memo_1772382984872": {
      "x": 1935.7473869027212,
      "y": 597.6299618599213
    },
    "Gangnam_Business_FireStation_Lobby": {
      "x": 773.104584809857,
      "y": 570.7702419022909
    },
    "Gangnam_Business_FireStationTraining": {
      "x": 781.132602358095,
      "y": 615.2331083233013
    },
    "Gangnam_BusinessSite8": {
      "x": 1458.452069100262,
      "y": 367.5066395519265
    }
  },
  "RedCity": {
    "RedCity_Public_FuneralHome": {
      "x": 1896.5581311327264,
      "y": 297.7978206071851
    },
    "RedCity_Public_BlessBayBeach03_2": {
      "x": 1005.9673108231597,
      "y": 361.36051569138925
    },
    "RedCity_Business_School": {
      "x": 1646.1194706159,
      "y": 950.9363197442967
    },
    "RedCity_Public_SunsetBay": {
      "x": 580.4034032408528,
      "y": 436.50252993342644
    },
    "RedCity_Residence_Up5_Empty": {
      "x": 1152.3430962702434,
      "y": 187.926816528251
    },
    "RedCity_Residence_Up6_Free": {
      "x": 1076.053583920127,
      "y": 332.51061392617265
    }
  },
  "Cahaya": {
    "Cahaya_Residence_EmptySite1": {
      "x": 1681.1846332531204,
      "y": 262.0898943168663
    },
    "Cahaya_Residence_EmptySite2": {
      "x": 1737.7377796793385,
      "y": 577.074860109772
    },
    "Cahaya_Residence_EmptySite4": {
      "x": 1616.8898895342304,
      "y": 342.1090468271196
    },
    "Cahaya_Residence_EmptySite5": {
      "x": 1567.4169199178273,
      "y": 179.3685432750067
    },
    "Cahaya_Residence_LocalHouse1": {
      "x": 1546.2287767197627,
      "y": 452.4072556956761
    },
    "Cahaya_Residence_NPCSite1": {
      "x": 1824.0912426462723,
      "y": 754.5618613403575
    },
    "Cahaya_Residence_NPCSite2": {
      "x": 1515.1331765372008,
      "y": 279.2287547592344
    },
    "Cahaya_Residence_NPCSite3": {
      "x": 1612.879041995108,
      "y": 698.0965178911733
    },
    "Cahaya_Residence_NPCSite4": {
      "x": 1737.3795079795436,
      "y": 179.35863059266762
    },
    "Cahaya_Residence_Resort1": {
      "x": 728.56721301648,
      "y": 614.6061190881185
    },
    "Cahaya_Residence_Resort10": {
      "x": 861.7773569254742,
      "y": 487.80376401725
    },
    "Cahaya_Business_Resort3": {
      "x": 864.6218568028802,
      "y": 665.3855393367802
    },
    "Cahaya_Business_Resort8": {
      "x": 782.8073388731068,
      "y": 479.9392986959605
    },
    "Cahaya_Business_StiltHouse1": {
      "x": 1086.430105412488,
      "y": 384.67083781773545
    },
    "Cahaya_Business_BeachCafe1": {
      "x": 1007.7016874113632,
      "y": 576.0173892186674
    },
    "Cahaya_Business_BrunchCafe1": {
      "x": 916.672999936789,
      "y": 681.3505847249604
    },
    "Cahaya_Business_FuneralHome": {
      "x": 657.0245056640749,
      "y": 791.4519495751597
    },
    "Cahaya_Public_Cemetery": {
      "x": 618.0122110321146,
      "y": 778.4478513645062
    },
    "Cahaya_Business_Meditation": {
      "x": 830.4124818061211,
      "y": 787.5507201119636
    },
    "Cahaya_Public_PierWalkway4": {
      "x": 1063.6193097171729,
      "y": 736.4012671500601
    },
    "Cahaya_Public_PierWalkway5": {
      "x": 1084.4258668542184,
      "y": 349.3126104129422
    },
    "Cahaya_BusinessSite7": {
      "x": 963.4877534951414,
      "y": 486.2891115651587
    },
    "Cahaya_Public_BeachLounge1": {
      "x": 1012.9033266956245,
      "y": 643.6386999140653
    },
    "Cahaya_Public_Beach6": {
      "x": 1048.014391864389,
      "y": 679.1832350231848
    },
    "Cahaya_Public_Beach7": {
      "x": 1057.9842004925565,
      "y": 572.5496296958265
    },
    "Cahaya_Public_Beach8": {
      "x": 1058.8511403732668,
      "y": 527.0352859585394
    },
    "Cahaya_Public_Beach9": {
      "x": 1028.9417144887639,
      "y": 444.6759972910675
    },
    "Cahaya_Public_BeachVolleyball1": {
      "x": 1019.8388457413064,
      "y": 482.82135204231764
    },
    "Cahaya_business_ARLibrary1": {
      "x": 1722.8008229669058,
      "y": 777.8927486557919
    },
    "Cahaya_Public_PierWalkway1": {
      "x": 1492.7530056542753,
      "y": 795.2913230743942
    },
    "Cahaya_Public_PierWalkway2": {
      "x": 1444.4236322692689,
      "y": 524.0024404732247
    },
    "Cahaya_Public_PierWalkway3": {
      "x": 1435.4021492374009,
      "y": 299.75414796679496
    },
    "Cahaya_Public_Pier4": {
      "x": 1376.1181178851264,
      "y": 300.39853961192836
    },
    "Cahaya_Public_Pier2": {
      "x": 1400.6050004001963,
      "y": 524.0024404732247
    },